section,title,url
about-us,about-us,https://www.about.hsbc.com.hk
about-us,about-us,https://www.about.hsbc.com.hk/investor-relations/information-for-shareholders
about-us,about-us,https://www.about.hsbc.com.hk/zh-CN/investor-relations/information-for-shareholders
about-us,about-us,https://www.about.hsbc.com.hk/zh-CN/investor-relations/our-investment-case
about-us,about-us,https://www.about.hsbc.com.hk/zh-HK/hsbc-in-hong-kong
about-us,about-us,https://www.about.hsbc.com.hk/zh-HK/investor-relations/our-investment-case
about-us,about-us,https://www.about.hsbc.com.hk/zh-HK/investor-relations/regulatory-news
about-us,about-us,https://www.about.hsbc.com.hk/zh-HK/investor-relations/results-quick-read
about-us,about-us,https://www.about.hsbc.com.hk/zh-HK/privacy-and-security
about-us,about-us,https://www.about.hsbc.com.hk/zh-HK/terms-of-use
premier-elite,premier-elite,https://www.hsbc.com.hk/premier-elite
premier-elite,premier-elite,https://www.hsbc.com.hk/premier-elite/all-round-support
premier-elite,premier-elite,https://www.hsbc.com.hk/premier-elite/international-support
premier-elite,premier-elite,https://www.hsbc.com.hk/premier-elite/lifestyle
premier-elite,premier-elite,https://www.hsbc.com.hk/premier-elite/medical-concierge
premier-elite,premier-elite,https://www.hsbc.com.hk/premier-elite/offers/time-deposit-rate
premier-elite,premier-elite,https://www.hsbc.com.hk/premier-elite/wealth
premier-elite,premier-elite,https://www.hsbc.com.hk/premier-elite/wealth/dedicated-bonds
premier-elite,premier-elite,https://www.hsbc.com.hk/premier-elite/wealth/dedicated-bonds/important-reminder
premier-elite,premier-elite,https://www.hsbc.com.hk/premier-elite/wealth/preferential-pricing
premier-elite,premier-elite,https://www.hsbc.com.hk/premier-elite/wealth/structured-products
premier-elite,premier-elite,https://www.hsbc.com.hk/premier-elite/wealth/wealth-of-your-choice
premier-elite,premier-elite,https://www.hsbc.com.hk/premier-elite/welcome-offers
premier,premier,https://www.hsbc.com.hk/premier
premier,premier,https://www.hsbc.com.hk/premier-elite
premier,premier,https://www.hsbc.com.hk/premier-elite/all-round-support
premier,premier,https://www.hsbc.com.hk/premier-elite/international-support
premier,premier,https://www.hsbc.com.hk/premier-elite/lifestyle
premier,premier,https://www.hsbc.com.hk/premier-elite/medical-concierge
premier,premier,https://www.hsbc.com.hk/premier-elite/offers/time-deposit-rate
premier,premier,https://www.hsbc.com.hk/premier-elite/wealth
premier,premier,https://www.hsbc.com.hk/premier-elite/wealth/dedicated-bonds
premier,premier,https://www.hsbc.com.hk/premier-elite/wealth/dedicated-bonds/important-reminder
premier,premier,https://www.hsbc.com.hk/premier-elite/wealth/preferential-pricing
premier,premier,https://www.hsbc.com.hk/premier-elite/wealth/structured-products
premier,premier,https://www.hsbc.com.hk/premier-elite/wealth/wealth-of-your-choice
premier,premier,https://www.hsbc.com.hk/premier-elite/welcome-offers
premier,premier,https://www.hsbc.com.hk/premier/existing-customers
premier,premier,https://www.hsbc.com.hk/premier/existing-customers/?prop=welcome
premier,premier,https://www.hsbc.com.hk/premier/expertise-and-privileges
premier,premier,https://www.hsbc.com.hk/premier/global-banking
premier,premier,https://www.hsbc.com.hk/premier/global-banking/premier-academy
premier,premier,https://www.hsbc.com.hk/premier/offers
premier,premier,https://www.hsbc.com.hk/premier/offers/special-offers
premier,premier,https://www.hsbc.com.hk/premier/offers/special-offers.hongkong.dining
premier,premier,https://www.hsbc.com.hk/premier/offers/special-offers.hongkong.health-&-wellness
premier,premier,https://www.hsbc.com.hk/premier/offers/special-offers.hongkong.hsbc-premier-offers
premier,premier,https://www.hsbc.com.hk/premier/offers/special-offers.hongkong.hsbc-premier-offers.page-2
premier,premier,https://www.hsbc.com.hk/premier/offers/special-offers.hongkong.lifestyle
premier,premier,https://www.hsbc.com.hk/premier/offers/special-offers.hongkong.travel
premier,premier,https://www.hsbc.com.hk/premier/offers/special-offers/agnes-b-10-off-31-12-2025
premier,premier,https://www.hsbc.com.hk/premier/offers/special-offers/agoda-up-to-14-off-hotel-booking-and-25-off-flash-sale-31-08-2025
premier,premier,https://www.hsbc.com.hk/premier/offers/special-offers/apple-store-for-hsbc-premier-up-to-5-cashback-on-your-apple-device-purchase-31-12-2025
premier,premier,https://www.hsbc.com.hk/premier/offers/special-offers/duty-zero-by-cdf-5-in-store-discount-31-12-2025
premier,premier,https://www.hsbc.com.hk/premier/offers/special-offers/lotte-duty-free-exclusive-tourist-benefits-31-08-2025
premier,premier,https://www.hsbc.com.hk/premier/offers/special-offers/mandarin-oriental-hong-kong-up-to-25-off-31-12-2025
premier,premier,https://www.hsbc.com.hk/premier/offers/special-offers/medical-travel-companions-20-off-free-consultation-session-31-12-2025
premier,premier,https://www.hsbc.com.hk/premier/offers/special-offers/rentalcars-com-10-off-worldwide-car-rentals-31-08-2025
premier,premier,https://www.hsbc.com.hk/premier/offers/special-offers/ruths-chris-steakhouse-10-off-whole-bill-23-12-2025
premier,premier,https://www.hsbc.com.hk/premier/offers/special-offers/shangri-la-circle-fast-track-to-jade-membership-31-12-2025
premier,premier,https://www.hsbc.com.hk/premier/offers/special-offers/sheraton-hong-kong-hotel-towers-10-off-food-31-12-2025
premier,premier,https://www.hsbc.com.hk/premier/offers/special-offers/sherpa-up-to-10-off-worldwide-evisa-application-19-08-2026
accounts,accounts,https://www.hsbc.com.hk/accounts
accounts,accounts,https://www.hsbc.com.hk/accounts/employee-banking
accounts,accounts,https://www.hsbc.com.hk/accounts/estatement
accounts,accounts,https://www.hsbc.com.hk/accounts/estatement/terms-and-conditions
accounts,accounts,https://www.hsbc.com.hk/accounts/manage-your-bank-account-smartly
accounts,accounts,https://www.hsbc.com.hk/accounts/offers/deposits
accounts,accounts,https://www.hsbc.com.hk/accounts/products/current
accounts,accounts,https://www.hsbc.com.hk/accounts/products/current/echeque
accounts,accounts,https://www.hsbc.com.hk/accounts/products/current/hk-dollar
accounts,accounts,https://www.hsbc.com.hk/accounts/products/current/renminbi
accounts,accounts,https://www.hsbc.com.hk/accounts/products/current/us-dollar
accounts,accounts,https://www.hsbc.com.hk/accounts/products/one
accounts,accounts,https://www.hsbc.com.hk/accounts/products/one/offers
accounts,accounts,https://www.hsbc.com.hk/accounts/products/savings
accounts,accounts,https://www.hsbc.com.hk/accounts/products/savings/children
accounts,accounts,https://www.hsbc.com.hk/accounts/products/savings/foreign-currency
accounts,accounts,https://www.hsbc.com.hk/accounts/products/savings/hk-dollar
accounts,accounts,https://www.hsbc.com.hk/accounts/products/savings/renminbi
accounts,accounts,https://www.hsbc.com.hk/accounts/products/time-deposits
accounts,accounts,https://www.hsbc.com.hk/accounts/products/time-deposits/foreign-currency
accounts,accounts,https://www.hsbc.com.hk/accounts/products/time-deposits/hk-dollar
accounts,accounts,https://www.hsbc.com.hk/accounts/products/time-deposits/manage-your-time-deposits
accounts,accounts,https://www.hsbc.com.hk/accounts/products/time-deposits/renminbi
ways-to-bank,ways-to-bank,https://www.hsbc.com.hk/ways-to-bank
ways-to-bank,ways-to-bank,https://www.hsbc.com.hk/ways-to-bank/branch
ways-to-bank,ways-to-bank,https://www.hsbc.com.hk/ways-to-bank/branch/cash-deposit-machine-demo
ways-to-bank,ways-to-bank,https://www.hsbc.com.hk/ways-to-bank/branch/cheque-deposit-machine-demo
ways-to-bank,ways-to-bank,https://www.hsbc.com.hk/ways-to-bank/branch/express-banking
ways-to-bank,ways-to-bank,https://www.hsbc.com.hk/ways-to-bank/branch/express-banking/foreign-currency-atm
ways-to-bank,ways-to-bank,https://www.hsbc.com.hk/ways-to-bank/branch/mobile
ways-to-bank,ways-to-bank,https://www.hsbc.com.hk/ways-to-bank/chat-with-relationship-manager
ways-to-bank,ways-to-bank,https://www.hsbc.com.hk/ways-to-bank/digital-academy
ways-to-bank,ways-to-bank,https://www.hsbc.com.hk/ways-to-bank/internet
ways-to-bank,ways-to-bank,https://www.hsbc.com.hk/ways-to-bank/internet/security-key
ways-to-bank,ways-to-bank,https://www.hsbc.com.hk/ways-to-bank/live-chat
ways-to-bank,ways-to-bank,https://www.hsbc.com.hk/ways-to-bank/mobile-apps
ways-to-bank,ways-to-bank,https://www.hsbc.com.hk/ways-to-bank/mobile-apps/banking
ways-to-bank,ways-to-bank,https://www.hsbc.com.hk/ways-to-bank/mobile-apps/banking/account-opening
ways-to-bank,ways-to-bank,https://www.hsbc.com.hk/ways-to-bank/mobile-apps/banking/features
ways-to-bank,ways-to-bank,https://www.hsbc.com.hk/ways-to-bank/mobile-apps/banking/lite
ways-to-bank,ways-to-bank,https://www.hsbc.com.hk/ways-to-bank/mobile-apps/banking/lite/guide
ways-to-bank,ways-to-bank,https://www.hsbc.com.hk/ways-to-bank/mobile-apps/banking/mobile-cash-withdrawal
ways-to-bank,ways-to-bank,https://www.hsbc.com.hk/ways-to-bank/mobile-apps/banking/mobile-cheque-deposit
ways-to-bank,ways-to-bank,https://www.hsbc.com.hk/ways-to-bank/open-banking
ways-to-bank,ways-to-bank,https://www.hsbc.com.hk/ways-to-bank/phone
credit-cards,credit-cards,https://www.hsbc.com.hk/credit-cards
credit-cards,credit-cards,https://www.hsbc.com.hk/credit-cards/apply
credit-cards,credit-cards,https://www.hsbc.com.hk/credit-cards/apply/over-the-limit
credit-cards,credit-cards,https://www.hsbc.com.hk/credit-cards/articles/4-tips-to-get-cash-from-credit-cards
credit-cards,credit-cards,https://www.hsbc.com.hk/credit-cards/articles/how-to-get-extra-rebate-and-enjoy-interest-free-on-spending
credit-cards,credit-cards,https://www.hsbc.com.hk/credit-cards/compare
credit-cards,credit-cards,https://www.hsbc.com.hk/credit-cards/documents-required
credit-cards,credit-cards,https://www.hsbc.com.hk/credit-cards/documents-required/upload
credit-cards,credit-cards,https://www.hsbc.com.hk/credit-cards/features/cash-advance
credit-cards,credit-cards,https://www.hsbc.com.hk/credit-cards/features/merchant-instalment
credit-cards,credit-cards,https://www.hsbc.com.hk/credit-cards/features/virtual-credit-card
credit-cards,credit-cards,https://www.hsbc.com.hk/credit-cards/fees
credit-cards,credit-cards,https://www.hsbc.com.hk/credit-cards/products
credit-cards,credit-cards,https://www.hsbc.com.hk/credit-cards/products/cash-instalment-plan
credit-cards,credit-cards,https://www.hsbc.com.hk/credit-cards/products/cash-instalment-plan/documents-required
credit-cards,credit-cards,https://www.hsbc.com.hk/credit-cards/products/cash-instalment-plan/documents-required/upload
credit-cards,credit-cards,https://www.hsbc.com.hk/credit-cards/products/everymile
credit-cards,credit-cards,https://www.hsbc.com.hk/credit-cards/products/payment-services
credit-cards,credit-cards,https://www.hsbc.com.hk/credit-cards/products/payment-services/apple-pay
credit-cards,credit-cards,https://www.hsbc.com.hk/credit-cards/products/payment-services/google-pay
credit-cards,credit-cards,https://www.hsbc.com.hk/credit-cards/products/payment-services/octopus-add-value
credit-cards,credit-cards,https://www.hsbc.com.hk/credit-cards/products/payment-services/samsung-pay
credit-cards,credit-cards,https://www.hsbc.com.hk/credit-cards/products/premier-mastercard
credit-cards,credit-cards,https://www.hsbc.com.hk/credit-cards/products/red
credit-cards,credit-cards,https://www.hsbc.com.hk/credit-cards/products/spending-instalment
credit-cards,credit-cards,https://www.hsbc.com.hk/credit-cards/products/student-visa-gold
credit-cards,credit-cards,https://www.hsbc.com.hk/credit-cards/products/unionpay-dual-currency-classic
credit-cards,credit-cards,https://www.hsbc.com.hk/credit-cards/products/unionpay-dual-currency-diamond
credit-cards,credit-cards,https://www.hsbc.com.hk/credit-cards/products/visa-gold
credit-cards,credit-cards,https://www.hsbc.com.hk/credit-cards/products/visa-platinum
credit-cards,credit-cards,https://www.hsbc.com.hk/credit-cards/products/visa-signature
credit-cards,credit-cards,https://www.hsbc.com.hk/credit-cards/rewards
credit-cards,credit-cards,https://www.hsbc.com.hk/credit-cards/rewards/app
credit-cards,credit-cards,https://www.hsbc.com.hk/credit-cards/rewards/certificate
credit-cards,credit-cards,https://www.hsbc.com.hk/credit-cards/rewards/mileage-programme
credit-cards,credit-cards,https://www.hsbc.com.hk/credit-cards/rewards/rewardcash-redemption
credit-cards,credit-cards,https://www.hsbc.com.hk/credit-cards/rewards/terms
credit-cards,credit-cards,https://www.hsbc.com.hk/credit-cards/rewards/your-choice
credit-cards,credit-cards,https://www.hsbc.com.hk/credit-cards/tools/repayment-calculator
credit-cards,credit-cards,https://www.hsbc.com.hk/credit-cards/use-your-card
credit-cards,credit-cards,https://www.hsbc.com.hk/credit-cards/use-your-card/cash-instalment-plan
credit-cards,credit-cards,https://www.hsbc.com.hk/credit-cards/use-your-card/credit-limit-transfer
credit-cards,credit-cards,https://www.hsbc.com.hk/credit-cards/use-your-card/merchant-instalment
credit-cards,credit-cards,https://www.hsbc.com.hk/credit-cards/use-your-card/merchant-instalment/apple-instalment
credit-cards,credit-cards,https://www.hsbc.com.hk/credit-cards/use-your-card/merchant-instalment/visa
credit-cards,credit-cards,https://www.hsbc.com.hk/credit-cards/use-your-card/spending-instalment
credit-cards,credit-cards,https://www.hsbc.com.hk/credit-cards/use-your-card/spending-instalment/all-you-can-split
credit-cards,credit-cards,https://www.hsbc.com.hk/credit-cards/use-your-card/spending-instalment/mobile-app-apply
credit-cards,credit-cards,https://www.hsbc.com.hk/credit-cards/use-your-card/spending-instalment/reward-plus-apply
credit-cards,credit-cards,https://www.hsbc.com.hk/credit-cards/use-your-credit-card
loans,loans,https://www.hsbc.com.hk/loans
loans,loans,https://www.hsbc.com.hk/loans/articles
loans,loans,https://www.hsbc.com.hk/loans/cash-advance-vs-cash-instalment
loans,loans,https://www.hsbc.com.hk/loans/comparison-tax-loan-with-instalment-loan
loans,loans,https://www.hsbc.com.hk/loans/consider-factors-before-apply
loans,loans,https://www.hsbc.com.hk/loans/credit-card-debt
loans,loans,https://www.hsbc.com.hk/loans/documents-required
loans,loans,https://www.hsbc.com.hk/loans/documents-required/upload
loans,loans,https://www.hsbc.com.hk/loans/forms
loans,loans,https://www.hsbc.com.hk/loans/help-starting-a-business
loans,loans,https://www.hsbc.com.hk/loans/home-renovation
loans,loans,https://www.hsbc.com.hk/loans/products
loans,loans,https://www.hsbc.com.hk/loans/products/balance-consolidation
loans,loans,https://www.hsbc.com.hk/loans/products/electric-vehicle-personal-instalment
loans,loans,https://www.hsbc.com.hk/loans/products/personal-instalment
loans,loans,https://www.hsbc.com.hk/loans/products/personal-instalment-redraw
loans,loans,https://www.hsbc.com.hk/loans/products/personal-instalment/redraw
loans,loans,https://www.hsbc.com.hk/loans/products/personal-loan-guarantee-scheme-landlord
loans,loans,https://www.hsbc.com.hk/loans/products/personal-tax
loans,loans,https://www.hsbc.com.hk/loans/products/revolving-credit-facility
loans,loans,https://www.hsbc.com.hk/loans/quick-loans-vs-personal-loans
loans,loans,https://www.hsbc.com.hk/loans/send-your-child-to-study-abroad
loans,loans,https://www.hsbc.com.hk/loans/tax-loan-strategy
loans,loans,https://www.hsbc.com.hk/loans/what-is-apr
investments,investments,https://www.hsbc.com.hk/investments
investments,investments,https://www.hsbc.com.hk/investments/account-opening
investments,investments,https://www.hsbc.com.hk/investments/currency-exchange-rate-calculator
investments,investments,https://www.hsbc.com.hk/investments/esg
investments,investments,https://www.hsbc.com.hk/investments/esg/esg-listing
investments,investments,https://www.hsbc.com.hk/investments/forms
investments,investments,https://www.hsbc.com.hk/investments/how-does-currency-linked-work
investments,investments,https://www.hsbc.com.hk/investments/how-does-deposit-plus-work
investments,investments,https://www.hsbc.com.hk/investments/how-does-equity-linked-investment-work
investments,investments,https://www.hsbc.com.hk/investments/how-to-apply-thorugh-eipo
investments,investments,https://www.hsbc.com.hk/investments/how-to-set-up-order-watch
investments,investments,https://www.hsbc.com.hk/investments/investment-platform-guide
investments,investments,https://www.hsbc.com.hk/investments/learn-about-bonds
investments,investments,https://www.hsbc.com.hk/investments/market-information/hk/currency-exchange-rate
investments,investments,https://www.hsbc.com.hk/investments/market-information/hk/deposit-rate
investments,investments,https://www.hsbc.com.hk/investments/market-information/hk/lending-rate
investments,investments,https://www.hsbc.com.hk/investments/market-information/us/lending-rate
investments,investments,https://www.hsbc.com.hk/investments/products
investments,investments,https://www.hsbc.com.hk/investments/products/bonds
investments,investments,https://www.hsbc.com.hk/investments/products/bonds/renminbi
investments,investments,https://www.hsbc.com.hk/investments/products/cies
investments,investments,https://www.hsbc.com.hk/investments/products/foreign-exchange
investments,investments,https://www.hsbc.com.hk/investments/products/foreign-exchange/currency-rate
investments,investments,https://www.hsbc.com.hk/investments/products/foreign-exchange/currency-rate/historical
investments,investments,https://www.hsbc.com.hk/investments/products/foreign-exchange/forex-club
investments,investments,https://www.hsbc.com.hk/investments/products/foreign-exchange/order-watch
investments,investments,https://www.hsbc.com.hk/investments/products/foreign-exchange/renminbi
investments,investments,https://www.hsbc.com.hk/investments/products/gold-services
investments,investments,https://www.hsbc.com.hk/investments/products/gold-token
investments,investments,https://www.hsbc.com.hk/investments/products/ipo
investments,investments,https://www.hsbc.com.hk/investments/products/ipo/historical-information
investments,investments,https://www.hsbc.com.hk/investments/products/mutual-funds
investments,investments,https://www.hsbc.com.hk/investments/products/mutual-funds/cool-knowledge
investments,investments,https://www.hsbc.com.hk/investments/products/mutual-funds/disclaimer
investments,investments,https://www.hsbc.com.hk/investments/products/mutual-funds/flexinvest
investments,investments,https://www.hsbc.com.hk/investments/products/mutual-funds/flexinvest/list
investments,investments,https://www.hsbc.com.hk/investments/products/mutual-funds/flexinvest/offers
investments,investments,https://www.hsbc.com.hk/investments/products/mutual-funds/fundmax
investments,investments,https://www.hsbc.com.hk/investments/products/mutual-funds/managed-solutions
investments,investments,https://www.hsbc.com.hk/investments/products/mutual-funds/monthly
investments,investments,https://www.hsbc.com.hk/investments/products/mutual-funds/renminbi
investments,investments,https://www.hsbc.com.hk/investments/products/stocks
investments,investments,https://www.hsbc.com.hk/investments/products/stocks-b
investments,investments,https://www.hsbc.com.hk/investments/products/stocks/china-a-shares
investments,investments,https://www.hsbc.com.hk/investments/products/stocks/china-a-shares/renminbi
investments,investments,https://www.hsbc.com.hk/investments/products/stocks/easy-invest-app
investments,investments,https://www.hsbc.com.hk/investments/products/stocks/hk-trading
investments,investments,https://www.hsbc.com.hk/investments/products/stocks/hk-trading/monthly
investments,investments,https://www.hsbc.com.hk/investments/products/stocks/hk-trading/securities-margin
investments,investments,https://www.hsbc.com.hk/investments/products/stocks/top-trader-club
investments,investments,https://www.hsbc.com.hk/investments/products/stocks/trade25
investments,investments,https://www.hsbc.com.hk/investments/products/stocks/us-trading
investments,investments,https://www.hsbc.com.hk/investments/products/structured
investments,investments,https://www.hsbc.com.hk/investments/products/structured/currency-linked
investments,investments,https://www.hsbc.com.hk/investments/products/structured/currency-linked/renminbi
investments,investments,https://www.hsbc.com.hk/investments/products/structured/deposit-plus
investments,investments,https://www.hsbc.com.hk/investments/products/structured/equity-linked
investments,investments,https://www.hsbc.com.hk/investments/products/structured/risk
investments,investments,https://www.hsbc.com.hk/investments/renminbi
insurance,insurance,https://www.hsbc.com.hk/insurance
insurance,insurance,https://www.hsbc.com.hk/insurance/articles/4-myths-you-should-know-about-life-insurance
insurance,insurance,https://www.hsbc.com.hk/insurance/articles/choosing-insurance-plan-as-you-start-work
insurance,insurance,https://www.hsbc.com.hk/insurance/claims
insurance,insurance,https://www.hsbc.com.hk/insurance/existing-customers
insurance,insurance,https://www.hsbc.com.hk/insurance/existing-customers/how-to-manage-your-policy-online
insurance,insurance,https://www.hsbc.com.hk/insurance/fees
insurance,insurance,https://www.hsbc.com.hk/insurance/forms
insurance,insurance,https://www.hsbc.com.hk/insurance/fund-performance
insurance,insurance,https://www.hsbc.com.hk/insurance/healthylife
insurance,insurance,https://www.hsbc.com.hk/insurance/hsbc-life
insurance,insurance,https://www.hsbc.com.hk/insurance/info
insurance,insurance,https://www.hsbc.com.hk/insurance/lifestage
insurance,insurance,https://www.hsbc.com.hk/insurance/manage-your-policy
insurance,insurance,https://www.hsbc.com.hk/insurance/online-insurance
insurance,insurance,https://www.hsbc.com.hk/insurance/products/accident
insurance,insurance,https://www.hsbc.com.hk/insurance/products/car
insurance,insurance,https://www.hsbc.com.hk/insurance/products/home
insurance,insurance,https://www.hsbc.com.hk/insurance/products/home/fire
insurance,insurance,https://www.hsbc.com.hk/insurance/products/home/helper
insurance,insurance,https://www.hsbc.com.hk/insurance/products/home/homesurance
insurance,insurance,https://www.hsbc.com.hk/insurance/products/life
insurance,insurance,https://www.hsbc.com.hk/insurance/products/life/early-income-deferred-annuity
insurance,insurance,https://www.hsbc.com.hk/insurance/products/life/family-goal
insurance,insurance,https://www.hsbc.com.hk/insurance/products/life/family-protector
insurance,insurance,https://www.hsbc.com.hk/insurance/products/life/flourish-income-annuity
insurance,insurance,https://www.hsbc.com.hk/insurance/products/life/goal-access-universal
insurance,insurance,https://www.hsbc.com.hk/insurance/products/life/income-goal
insurance,insurance,https://www.hsbc.com.hk/insurance/products/life/jade-universal
insurance,insurance,https://www.hsbc.com.hk/insurance/products/life/mortgage-protection
insurance,insurance,https://www.hsbc.com.hk/insurance/products/life/paramount-global
insurance,insurance,https://www.hsbc.com.hk/insurance/products/life/ultra-wealth-goal
insurance,insurance,https://www.hsbc.com.hk/insurance/products/life/wealth-goal
insurance,insurance,https://www.hsbc.com.hk/insurance/products/medical-and-critical-illness
insurance,insurance,https://www.hsbc.com.hk/insurance/products/medical-and-critical-illness/cancer-care
insurance,insurance,https://www.hsbc.com.hk/insurance/products/medical-and-critical-illness/hospital-cash
insurance,insurance,https://www.hsbc.com.hk/insurance/products/medical-and-critical-illness/hospital-cash/premiums
insurance,insurance,https://www.hsbc.com.hk/insurance/products/medical-and-critical-illness/outpatient-care
insurance,insurance,https://www.hsbc.com.hk/insurance/products/medical-and-critical-illness/preferred-care
insurance,insurance,https://www.hsbc.com.hk/insurance/products/medical-and-critical-illness/swift-guard
insurance,insurance,https://www.hsbc.com.hk/insurance/products/medical-and-critical-illness/vhis
insurance,insurance,https://www.hsbc.com.hk/insurance/products/medical-and-critical-illness/vhis/flexi
insurance,insurance,https://www.hsbc.com.hk/insurance/products/medical-and-critical-illness/vhis/standard
insurance,insurance,https://www.hsbc.com.hk/insurance/products/savings-and-retirement
insurance,insurance,https://www.hsbc.com.hk/insurance/products/savings-and-retirement/early-income-deferred-annuity
insurance,insurance,https://www.hsbc.com.hk/insurance/products/savings-and-retirement/eminent-goal
insurance,insurance,https://www.hsbc.com.hk/insurance/products/savings-and-retirement/flourish-income-annuity
insurance,insurance,https://www.hsbc.com.hk/insurance/products/savings-and-retirement/goal-access-universal-education
insurance,insurance,https://www.hsbc.com.hk/insurance/products/savings-and-retirement/health-goal
insurance,insurance,https://www.hsbc.com.hk/insurance/products/savings-and-retirement/income-goal
insurance,insurance,https://www.hsbc.com.hk/insurance/products/savings-and-retirement/income-goal-deferred-annuity
insurance,insurance,https://www.hsbc.com.hk/insurance/products/savings-and-retirement/jubilee-wealth
insurance,insurance,https://www.hsbc.com.hk/insurance/products/savings-and-retirement/swift-save
insurance,insurance,https://www.hsbc.com.hk/insurance/products/savings-and-retirement/ultra-wealth-goal
insurance,insurance,https://www.hsbc.com.hk/insurance/products/savings-and-retirement/wealth-goal
insurance,insurance,https://www.hsbc.com.hk/insurance/products/travel
insurance,insurance,https://www.hsbc.com.hk/insurance/products/travel/coverage
insurance,insurance,https://www.hsbc.com.hk/insurance/products/travel/overseas-studysurance
insurance,insurance,https://www.hsbc.com.hk/insurance/products/wealth-select
insurance,insurance,https://www.hsbc.com.hk/insurance/terms
insurance,insurance,https://www.hsbc.com.hk/insurance/terms/Accidhighlights
legal,legal,https://www.hsbc.com.hk/legal
legal,legal,https://www.hsbc.com.hk/legal/accessibility
legal,legal,https://www.hsbc.com.hk/legal/hyperlink-policy
legal,legal,https://www.hsbc.com.hk/legal/important-notices
legal,legal,https://www.hsbc.com.hk/legal/maintenance-schedule
legal,legal,https://www.hsbc.com.hk/legal/privacy-security
legal,legal,https://www.hsbc.com.hk/legal/regulatory-disclosures
legal,legal,https://www.hsbc.com.hk/legal/terms-of-use
help,help,https://www.hsbc.com.hk/important-notices/
"help","help","https://www.hsbc.com.hk/help"
"help","help","https://www.hsbc.com.hk/help/bereavement"
"help","help","https://www.hsbc.com.hk/help/bereavement/emergency-needs"
"help","help","https://www.hsbc.com.hk/help/bereavement/glossary"
"help","help","https://www.hsbc.com.hk/help/bereavement/handling-an-estate"
"help","help","https://www.hsbc.com.hk/help/bereavement/hsbc-accounts"
"help","help","https://www.hsbc.com.hk/help/bereavement/notifying-us"
"help","help","https://www.hsbc.com.hk/help/bereavement/registering-the-death"
"help","help","https://www.hsbc.com.hk/help/bereavement/useful-contacts"
"help","help","https://www.hsbc.com.hk/help/card-support"
"help","help","https://www.hsbc.com.hk/help/card-support/activation"
"help","help","https://www.hsbc.com.hk/help/card-support/credit-limit-change"
"help","help","https://www.hsbc.com.hk/help/card-support/credit-limit-change/documents-upload"
"help","help","https://www.hsbc.com.hk/help/card-support/lost-or-stolen"
"help","help","https://www.hsbc.com.hk/help/card-support/transaction-dispute"
"help","help","https://www.hsbc.com.hk/help/contact"
"help","help","https://www.hsbc.com.hk/help/contact/phone-numbers"
"help","help","https://www.hsbc.com.hk/help/contact/social-media/facebook"
"help","help","https://www.hsbc.com.hk/help/contact/whatsapp"
"help","help","https://www.hsbc.com.hk/help/cybersecurity-and-fraud"
"help","help","https://www.hsbc.com.hk/help/cybersecurity-and-fraud/*"
"help","help","https://www.hsbc.com.hk/help/cybersecurity-and-fraud/android-malware-safety-measures"
"help","help","https://www.hsbc.com.hk/help/cybersecurity-and-fraud/atm-scams"
"help","help","https://www.hsbc.com.hk/help/cybersecurity-and-fraud/avoid-social-engineering-scams"
"help","help","https://www.hsbc.com.hk/help/cybersecurity-and-fraud/bogus-calls"
"help","help","https://www.hsbc.com.hk/help/cybersecurity-and-fraud/cheque-fraud"
"help","help","https://www.hsbc.com.hk/help/cybersecurity-and-fraud/cyber-security-index"
"help","help","https://www.hsbc.com.hk/help/cybersecurity-and-fraud/device"
"help","help","https://www.hsbc.com.hk/help/cybersecurity-and-fraud/download-software"
"help","help","https://www.hsbc.com.hk/help/cybersecurity-and-fraud/gen-X"
"help","help","https://www.hsbc.com.hk/help/cybersecurity-and-fraud/gen-X/phone-scams"
"help","help","https://www.hsbc.com.hk/help/cybersecurity-and-fraud/gen-Y"
"help","help","https://www.hsbc.com.hk/help/cybersecurity-and-fraud/gen-Y/romance-scams"
"help","help","https://www.hsbc.com.hk/help/cybersecurity-and-fraud/gen-Z"
"help","help","https://www.hsbc.com.hk/help/cybersecurity-and-fraud/gen-Z/job-scams"
"help","help","https://www.hsbc.com.hk/help/cybersecurity-and-fraud/how-to-report-fraud"
"help","help","https://www.hsbc.com.hk/help/cybersecurity-and-fraud/instant-messaging-app-scams"
"help","help","https://www.hsbc.com.hk/help/cybersecurity-and-fraud/investment-scams"
"help","help","https://www.hsbc.com.hk/help/cybersecurity-and-fraud/malware"
"help","help","https://www.hsbc.com.hk/help/cybersecurity-and-fraud/mobile-security"
"help","help","https://www.hsbc.com.hk/help/cybersecurity-and-fraud/passwords"
"help","help","https://www.hsbc.com.hk/help/cybersecurity-and-fraud/phishing"
"help","help","https://www.hsbc.com.hk/help/cybersecurity-and-fraud/prevent-fraud"
"help","help","https://www.hsbc.com.hk/help/cybersecurity-and-fraud/safe-internet-banking"
"help","help","https://www.hsbc.com.hk/help/cybersecurity-and-fraud/safeguard"
"help","help","https://www.hsbc.com.hk/help/cybersecurity-and-fraud/travel-cyber-security-checklist"
"help","help","https://www.hsbc.com.hk/help/faq"
"help","help","https://www.hsbc.com.hk/help/faq/accounts"
"help","help","https://www.hsbc.com.hk/help/faq/advance"
"help","help","https://www.hsbc.com.hk/help/faq/banking"
"help","help","https://www.hsbc.com.hk/help/faq/banking/service-pledge-programme"
"help","help","https://www.hsbc.com.hk/help/faq/banking/wechat"
"help","help","https://www.hsbc.com.hk/help/faq/banking/whatsapp"
"help","help","https://www.hsbc.com.hk/help/faq/bereavement"
"help","help","https://www.hsbc.com.hk/help/faq/credit-cards"
"help","help","https://www.hsbc.com.hk/help/faq/credit-cards/rewards"
"help","help","https://www.hsbc.com.hk/help/faq/debit-cards"
"help","help","https://www.hsbc.com.hk/help/faq/insurance"
"help","help","https://www.hsbc.com.hk/help/faq/investments"
"help","help","https://www.hsbc.com.hk/help/faq/loans"
"help","help","https://www.hsbc.com.hk/help/faq/mortgages"
"help","help","https://www.hsbc.com.hk/help/faq/mpf"
"help","help","https://www.hsbc.com.hk/help/faq/mpf/employees"
"help","help","https://www.hsbc.com.hk/help/faq/mpf/employers"
"help","help","https://www.hsbc.com.hk/help/faq/mpf/member-benefit-statement"
"help","help","https://www.hsbc.com.hk/help/faq/mpf/personal-accounts"
"help","help","https://www.hsbc.com.hk/help/faq/mpf/self-employed"
"help","help","https://www.hsbc.com.hk/help/faq/mpf/tvc-accounts"
"help","help","https://www.hsbc.com.hk/help/faq/one"
"help","help","https://www.hsbc.com.hk/help/faq/overdrafts"
"help","help","https://www.hsbc.com.hk/help/faq/power-of-attorney"
"help","help","https://www.hsbc.com.hk/help/faq/premier"
"help","help","https://www.hsbc.com.hk/help/faq/transfers-and-payments"
"help","help","https://www.hsbc.com.hk/help/forms"
"help","help","https://www.hsbc.com.hk/help/forms/key-facts-statement"
"help","help","https://www.hsbc.com.hk/help/health-support"
"help","help","https://www.hsbc.com.hk/help/money-worries"
"help","help","https://www.hsbc.com.hk/help/online-and-banking-security"
"help","help","https://www.hsbc.com.hk/help/online-and-banking-security/mobile-security"
"help","help","https://www.hsbc.com.hk/help/online-and-banking-security/safe-internet-banking"
"help","help","https://www.hsbc.com.hk/help/online-and-banking-security/safeguard"
"help","help","https://www.hsbc.com.hk/help/opening-up-a-world-of-opportunity"
"help","help","https://www.hsbc.com.hk/help/security-centre"
"help","help","https://www.hsbc.com.hk/help/security-centre/banking-safety-tips"
"help","help","https://www.hsbc.com.hk/help/security-centre/device"
"help","help","https://www.hsbc.com.hk/help/separation"
international,international,https://www.hsbc.com.hk/international
international,international,https://www.hsbc.com.hk/international/account-opening
international,international,https://www.hsbc.com.hk/international/banking-in-hong-kong
international,international,https://www.hsbc.com.hk/international/international-mortgages
international,international,https://www.hsbc.com.hk/international/investing-in-hong-kong
international,international,https://www.hsbc.com.hk/international/living-in-hong-kong
international,international,https://www.hsbc.com.hk/international/moving-to-hong-kong
international,international,https://www.hsbc.com.hk/international/services
international,international,https://www.hsbc.com.hk/international/studying-in-hong-kong
international,international,https://www.hsbc.com.hk/international/travel-services
mortgage,mortgage,https://www.hsbc.com.hk/mortgages
mortgage,mortgage,https://www.hsbc.com.hk/mortgages/centre
mortgage,mortgage,https://www.hsbc.com.hk/mortgages/forms
mortgage,mortgage,https://www.hsbc.com.hk/mortgages/mortgages-application-document
mortgage,mortgage,https://www.hsbc.com.hk/mortgages/mortgages-loan-process
mortgage,mortgage,https://www.hsbc.com.hk/mortgages/products
mortgage,mortgage,https://www.hsbc.com.hk/mortgages/products/deposit-linked
mortgage,mortgage,https://www.hsbc.com.hk/mortgages/products/hibor-based
mortgage,mortgage,https://www.hsbc.com.hk/mortgages/products/high-advance
mortgage,mortgage,https://www.hsbc.com.hk/mortgages/products/home-loans
mortgage,mortgage,https://www.hsbc.com.hk/mortgages/products/home-loans/green
mortgage,mortgage,https://www.hsbc.com.hk/mortgages/products/home-loans/hibor-based
mortgage,mortgage,https://www.hsbc.com.hk/mortgages/products/home-ownership
mortgage,mortgage,https://www.hsbc.com.hk/mortgages/products/home-related-loans
mortgage,mortgage,https://www.hsbc.com.hk/mortgages/products/investor
mortgage,mortgage,https://www.hsbc.com.hk/mortgages/products/repayment-plan-options
mortgage,mortgage,https://www.hsbc.com.hk/mortgages/products/tenants-purchase
mortgage,mortgage,https://www.hsbc.com.hk/mortgages/tools/hibor-rate
mortgage,mortgage,https://www.hsbc.com.hk/mortgages/tools/hibor-rate/2023
mortgage,mortgage,https://www.hsbc.com.hk/mortgages/tools/hibor-rate/2024
mortgage,mortgage,https://www.hsbc.com.hk/mortgages/tools/property-valuation
Transfer and Payments,Transfers and Payments,https://www.hsbc.com.hk/transfer-payments/#top-of-content
Transfer and Payments,Transfers and Payments,https://www.hsbc.com.hk/transfer-payments/products/international/
Transfer and Payments,Transfers and Payments,https://www.hsbc.com.hk/transfer-payments/products/recipients/
Transfer and Payments,Transfers and Payments,https://www.hsbc.com.hk/transfer-payments/products/merchants/
Transfer and Payments,Transfers and Payments,https://www.hsbc.com.hk/transfer-payments/limits/
Transfer and Payments,Transfers and Payments,https://www.hsbc.com.hk/transfer-payments/#cpi
Transfer and Payments,Transfers and Payments,https://www.hsbc.com.hk/transfer-payments/forms/
Transfer and Payments,Transfers and Payments,https://www.hsbc.com.hk/transfer-payments/products/mobile/
Transfer and Payments,Transfers and Payments,https://www.hsbc.com.hk/transfer-payments/products/local/#edda
Transfer and Payments,Transfers and Payments,https://www.hsbc.com.hk/transfer-payments/products/pay-abroad-with-fps/
Transfer and Payments,Transfers and Payments,https://www.hsbc.com.hk/transfer-payments/products/local/
Transfer and Payments,Transfers and Payments,https://www.hsbc.com.hk/transfer-payments/forms
Transfer and Payments,Transfers and Payments,https://www.hsbc.com.hk/transfer-payments/limits
Transfer and Payments,Transfers and Payments,https://www.hsbc.com.hk/transfer-payments/limits/manage-limits
Transfer and Payments,Transfers and Payments,https://www.hsbc.com.hk/transfer-payments/products/international
Transfer and Payments,Transfers and Payments,https://www.hsbc.com.hk/transfer-payments/products/international/global-money-transfer
Transfer and Payments,Transfers and Payments,https://www.hsbc.com.hk/transfer-payments/products/international/global-transfers
Transfer and Payments,Transfers and Payments,https://www.hsbc.com.hk/transfer-payments/products/international/global-transfers-to-other-banks
Transfer and Payments,Transfers and Payments,https://www.hsbc.com.hk/transfer-payments/products/international/payment-tracker
Transfer and Payments,Transfers and Payments,https://www.hsbc.com.hk/transfer-payments/products/local
Transfer and Payments,Transfers and Payments,https://www.hsbc.com.hk/transfer-payments/products/merchants
Transfer and Payments,Transfers and Payments,https://www.hsbc.com.hk/transfer-payments/products/merchants/banking
Transfer and Payments,Transfers and Payments,https://www.hsbc.com.hk/transfer-payments/products/merchants/charity
Transfer and Payments,Transfers and Payments,https://www.hsbc.com.hk/transfer-payments/products/merchants/edu
Transfer and Payments,Transfers and Payments,https://www.hsbc.com.hk/transfer-payments/products/merchants/finance
Transfer and Payments,Transfers and Payments,https://www.hsbc.com.hk/transfer-payments/products/merchants/gov
Transfer and Payments,Transfers and Payments,https://www.hsbc.com.hk/transfer-payments/products/merchants/insurance
Transfer and Payments,Transfers and Payments,https://www.hsbc.com.hk/transfer-payments/products/merchants/ipo
Transfer and Payments,Transfers and Payments,https://www.hsbc.com.hk/transfer-payments/products/merchants/others
Transfer and Payments,Transfers and Payments,https://www.hsbc.com.hk/transfer-payments/products/merchants/professional
Transfer and Payments,Transfers and Payments,https://www.hsbc.com.hk/transfer-payments/products/merchants/property
Transfer and Payments,Transfers and Payments,https://www.hsbc.com.hk/transfer-payments/products/merchants/public
Transfer and Payments,Transfers and Payments,https://www.hsbc.com.hk/transfer-payments/products/merchants/securities
Transfer and Payments,Transfers and Payments,https://www.hsbc.com.hk/transfer-payments/products/merchants/sports
Transfer and Payments,Transfers and Payments,https://www.hsbc.com.hk/transfer-payments/products/merchants/telecommunications
Transfer and Payments,Transfers and Payments,https://www.hsbc.com.hk/transfer-payments/products/mobile
Transfer and Payments,Transfers and Payments,https://www.hsbc.com.hk/transfer-payments/products/recipients
Transfer and Payments,Transfers and Payments,https://www.hsbc.com.hk/transfer-payments/products/recipients/banking
Transfer and Payments,Transfers and Payments,https://www.hsbc.com.hk/transfer-payments/products/recipients/charity
Transfer and Payments,Transfers and Payments,https://www.hsbc.com.hk/transfer-payments/products/recipients/edu
Transfer and Payments,Transfers and Payments,https://www.hsbc.com.hk/transfer-payments/products/recipients/finance
Transfer and Payments,Transfers and Payments,https://www.hsbc.com.hk/transfer-payments/products/recipients/gov
Transfer and Payments,Transfers and Payments,https://www.hsbc.com.hk/transfer-payments/products/recipients/insurance
Transfer and Payments,Transfers and Payments,https://www.hsbc.com.hk/transfer-payments/products/recipients/others
Transfer and Payments,Transfers and Payments,https://www.hsbc.com.hk/transfer-payments/products/recipients/professional
Transfer and Payments,Transfers and Payments,https://www.hsbc.com.hk/transfer-payments/products/recipients/property
Transfer and Payments,Transfers and Payments,https://www.hsbc.com.hk/transfer-payments/products/recipients/public
Transfer and Payments,Transfers and Payments,https://www.hsbc.com.hk/transfer-payments/products/recipients/securities
Transfer and Payments,Transfers and Payments,https://www.hsbc.com.hk/transfer-payments/products/recipients/sports
Transfer and Payments,Transfers and Payments,https://www.hsbc.com.hk/transfer-payments/products/recipients/telecommunications
MPF,MPF,https://www.hsbc.com.hk/mpf/retirement-monitor/
MPF,MPF,https://www.hsbc.com.hk/mpf/financial-wellness-and-retirement-planning/
MPF,MPF,https://www.hsbc.com.hk/mpf/empf/
MPF,MPF,https://www.hsbc.com.hk/mpf/products/personal-accounts/
MPF,MPF,https://www.hsbc.com.hk/mpf/products/self-employed/
MPF,MPF,https://www.hsbc.com.hk/mpf/existing-employee-customers/
MPF,MPF,https://www.hsbc.com.hk/mpf/existing-employer-customers/
MPF,MPF,https://www.hsbc.com.hk/mpf/news-and-archive/
MPF,MPF,https://www.hsbc.com.hk/mpf/key-scheme-information-document/
MPF,MPF,https://www.hsbc.com.hk/mpf/guidelines-for-employers/termination/#long-service-payment
MPF,MPF,https://www.hsbc.com.hk/mpf/products/personal-accounts/
MPF,MPF,https://www.hsbc.com.hk/mpf/products/employees/
MPF,MPF,https://www.hsbc.com.hk/mpf/products/tvc-accounts/
MPF,MPF,https://www.hsbc.com.hk/mpf/products/employers/
MPF,MPF,https://www.hsbc.com.hk/mpf/tool/retirement-planner/
MPF,MPF,https://www.hsbc.com.hk/mpf/products/employers/first-contribution-calculator/
MPF,MPF,https://www.hsbc.com.hk/mpf/products/employers/last-contribution-calculator/
MPF,MPF,https://www.hsbc.com.hk/mpf/funds/index-tracking/
MPF,MPF,https://www.hsbc.com.hk/mpf/regular-withdrawal-for-retirement/
MPF,MPF,https://www.hsbc.com.hk/mpf/how-bond-return-bond-price-and-bond-yield-work/
Community Banking,HSBC Community,https://www.hsbc.com.hk/community-banking/how-to-save-money/
Community Banking,HSBC Community,https://www.hsbc.com.hk/community-banking/accessibility
Community Banking,HSBC Community,https://www.hsbc.com.hk/community-banking/age-friendly
Community Banking,HSBC Community,https://www.hsbc.com.hk/community-banking/age-friendly/basic-banking-account
Community Banking,HSBC Community,https://www.hsbc.com.hk/community-banking/age-friendly/power-of-attorney
Community Banking,HSBC Community,https://www.hsbc.com.hk/community-banking/age-friendly/power-of-attorney/basic-banking-account
Community Banking,HSBC Community,https://www.hsbc.com.hk/community-banking/age-friendly/power-of-attorney/types
Community Banking,HSBC Community,https://www.hsbc.com.hk/community-banking/age-friendly/power-of-attorney/what-can-do
Community Banking,HSBC Community,https://www.hsbc.com.hk/community-banking/hongkong-bank-foundation-40th-anniversary
Community Banking,HSBC Community,https://www.hsbc.com.hk/community-banking/how-to-build-up-your-credit-history
Community Banking,HSBC Community,https://www.hsbc.com.hk/community-banking/how-to-make-the-most-of-your-money
Community Banking,HSBC Community,https://www.hsbc.com.hk/community-banking/how-to-save-money
Community Banking,HSBC Community,https://www.hsbc.com.hk/community-banking/mental-health
Community Banking,HSBC Community,https://www.hsbc.com.hk/community-banking/minority-groups
Community Banking,HSBC Community,https://www.hsbc.com.hk/community-banking/minority-groups/ethnic-minority
Community Banking,HSBC Community,https://www.hsbc.com.hk/community-banking/minority-groups/no-fixed-address-service
Community Banking,HSBC Community,https://www.hsbc.com.hk/community-banking/minority-groups/refugee-and-usm-claimant
Community Banking,HSBC Community,https://www.hsbc.com.hk/community-banking/our-impact
Community Banking,HSBC Community,https://www.hsbc.com.hk/community-banking/special-education-needs
Community Banking,HSBC Community,https://www.hsbc.com.hk/community-banking/teenagers-financial-education
Community Banking,HSBC Community,https://www.hsbc.com.hk/community-banking/what-is-budgeting
Community Banking,HSBC Community,https://www.hsbc.com.hk/community-banking/young-adults-financial-education
All-in-One Accounts,HSBC One,https://www.hsbc.com.hk/accounts/products/one/
All-in-One Accounts,HSBC Premier,https://www.hsbc.com.hk/premier/
All-in-One Accounts,HSBC Premier Elite,https://www.hsbc.com.hk/premier-elite/
All-in-One Accounts,HSBC Global Private Banking,https://www.hsbc.com.hk/global-private-banking/
,See all,https://www.hsbc.com.hk/accounts/employee-banking/
,Savings Accounts,https://www.hsbc.com.hk/accounts/products/savings/
,Time Deposits,https://www.hsbc.com.hk/accounts/products/time-deposits/
,Current Accounts,https://www.hsbc.com.hk/accounts/products/current/
,Global Private Banking Mastercard® Debit Card,https://www.hsbc.com.hk/global-private-banking/mastercard-debit-card/
,Mastercard® Debit Card,https://www.hsbc.com.hk/debit-cards/products/mastercard-debit-card/
,HSBC HK App,https://www.hsbc.com.hk/ways-to-bank/mobile-apps/banking/
,HSBC Reward+,https://www.hsbc.com.hk/credit-cards/rewards/app/
,HSBC HK Easy Invest,https://www.hsbc.com.hk/investments/products/stocks/easy-invest-app/
,PayMe by HSBC,https://payme.hsbc.com.hk
,HSBC HK App - Lite Mode,https://www.hsbc.com.hk/ways-to-bank/mobile-apps/banking/lite/
,24-hour Currency Exchange,https://www.hsbc.com.hk/investments/products/foreign-exchange/
,Renminbi Services,https://www.hsbc.com.hk/investments/renminbi/
,See all Renminbi Services,https://www.hsbc.com.hk/investments/products/foreign-exchange/
,See all,https://www.hsbc.com.hk/campaigns/budget/
,See all,https://www.hsbc.com.hk/well-plus/
,See all,https://www.hsbc.com.hk/finfit/
,Payments and transfers,https://www.hsbc.com.hk/transfer-payments/
,eCheque Services,https://www.hsbc.com.hk/accounts/products/current/echeque/
,eStatement and eAdvice,https://www.hsbc.com.hk/accounts/estatement/
MPF,See all,https://www.hsbc.com.hk/mpf/
International Services,Open a Hong Kong account,https://www.hsbc.com.hk/international/banking-in-hong-kong/
International Services,Open an overseas account,https://www.hsbc.com.hk/international/account-opening/
International Services,See all,https://www.hsbc.com.hk/international/
,See all,https://www.hsbc.com.hk/banking/greater-bay-area/
Sustainability & Inclusive Banking,ESG Hub,https://www.hsbc.com.hk/sustainability/mobile/
Sustainability & Inclusive Banking,Community Banking,https://www.hsbc.com.hk/community-banking/
Help and support,Cyber Security and Fraud Hub,https://www.hsbc.com.hk/help/cybersecurity-and-fraud/
Help and support,Accessibility,https://www.hsbc.com.hk/legal/accessibility/
Help and support,View topics,https://www.hsbc.com.hk/help/
Ways to Bank,The refreshed HSBC HK App,https://www.hsbc.com.hk/ways-to-bank/mobile-apps/banking/features/
Ways to Bank,HSBC HK App - Lite Mode,https://www.hsbc.com.hk/ways-to-bank/mobile-apps/banking/lite/
Ways to Bank,Mobile Account Opening,https://www.hsbc.com.hk/ways-to-bank/mobile-apps/banking/account-opening/
Ways to Bank,HSBC Online Banking,https://www.hsbc.com.hk/ways-to-bank/internet/
Ways to Bank,Branch Banking,https://www.hsbc.com.hk/ways-to-bank/branch/
Ways to Bank,Express Banking,https://www.hsbc.com.hk/ways-to-bank/branch/express-banking/
Ways to Bank,Phone Banking,https://www.hsbc.com.hk/ways-to-bank/phone/
Ways to Bank,Important Notices,https://www.hsbc.com.hk/legal/important-notices/
Ways to Bank,Faster Payment System (FPS),https://www.hsbc.com.hk/campaigns/fps/
Ways to Bank,Mobile Cash Withdrawal,https://www.hsbc.com.hk/ways-to-bank/mobile-apps/banking/mobile-cash-withdrawal/
Ways to Bank,Mobile Cheque Deposit,https://www.hsbc.com.hk/ways-to-bank/mobile-apps/banking/mobile-cheque-deposit/
Ways to Bank,See all,https://www.hsbc.com.hk/ways-to-bank/
Credit Cards,HSBC EveryMile Credit Card,https://www.hsbc.com.hk/credit-cards/products/everymile/
Credit Cards,HSBC Red Credit Card,https://www.hsbc.com.hk/credit-cards/products/red/
Credit Cards,Visa Signature Card,https://www.hsbc.com.hk/credit-cards/products/visa-signature/
Credit Cards,Visa Platinum Card,https://www.hsbc.com.hk/credit-cards/products/visa-platinum/
Credit Cards,Premier MasterCard,https://www.hsbc.com.hk/credit-cards/products/premier-mastercard/
Credit Cards,HSBC Pulse Dual Currency Card,https://www.hsbc.com.hk/credit-cards/products/unionpay-dual-currency-diamond/
Credit Cards,Visa Gold Card for Students,https://www.hsbc.com.hk/credit-cards/products/student-visa-gold/
Credit Cards,Visa Gold Card,https://www.hsbc.com.hk/credit-cards/products/visa-gold/
Credit Cards,UnionPay Dual Currency Card,https://www.hsbc.com.hk/credit-cards/products/unionpay-dual-currency-classic/
Credit Cards,Apply for a new credit card,https://www.hsbc.com.hk/credit-cards/apply/
Credit Cards,Compare Credit Cards,https://www.hsbc.com.hk/credit-cards/compare/
Overdrafts,See all,https://www.hsbc.com.hk/overdrafts/
Use Your Credit Card,Cards Promotions,https://www.redhotoffers.hsbc.com.hk/en/home/
Use Your Credit Card,HSBC Reward+,https://www.hsbc.com.hk/credit-cards/rewards/app/
Use Your Credit Card,Mobile Payments,https://www.hsbc.com.hk/credit-cards/products/payment-services/
Use Your Credit Card,HSBC Virtual Credit Card,https://www.hsbc.com.hk/credit-cards/features/virtual-credit-card/
Use Your Credit Card,Octopus Auto Top-up,https://www.hsbc.com.hk/credit-cards/products/payment-services/octopus-add-value/
Use Your Credit Card,Cash Advance,https://www.hsbc.com.hk/credit-cards/features/cash-advance/
Use Your Credit Card,Spending Instalment Plan,https://www.hsbc.com.hk/credit-cards/use-your-card/spending-instalment/
Use Your Credit Card,All-You-Can-Split,https://www.hsbc.com.hk/credit-cards/use-your-card/spending-instalment/all-you-can-split/
Use Your Credit Card,Cash Instalment Plan,https://www.hsbc.com.hk/credit-cards/use-your-card/cash-instalment-plan/
Use Your Credit Card,Interest-free Merchant Instalment Plan,https://www.hsbc.com.hk/credit-cards/use-your-card/merchant-instalment/
Use Your Credit Card,See all,https://www.hsbc.com.hk/credit-cards/use-your-credit-card/
Mortgages,Home Mortgage Loans,https://www.hsbc.com.hk/mortgages/products/#home-loans
Mortgages,Home-related Loans,https://www.hsbc.com.hk/mortgages/products/#home-related-loans
Mortgages,Mortgage Repayment Options,https://www.hsbc.com.hk/mortgages/products/repayment-plan-options/
Mortgages,See all mortgages,https://www.hsbc.com.hk/mortgages/products/
Loans,Personal Instalment Loan,https://www.hsbc.com.hk/loans/products/personal-instalment/
Loans,Personal Instalment Loan Redraw,https://www.hsbc.com.hk/loans/products/personal-instalment-redraw/
Loans,Revolving Credit Facility,https://www.hsbc.com.hk/loans/products/revolving-credit-facility/
Loans,Balance Consolidation Program,https://www.hsbc.com.hk/loans/products/balance-consolidation/
Loans,Personal Tax Loan,https://www.hsbc.com.hk/loans/products/personal-tax/
Loans,Electric Vehicle Personal Instalment Loan,https://www.hsbc.com.hk/loans/products/electric-vehicle-personal-instalment/
Loans,Smart Tips on Loans,https://www.hsbc.com.hk/loans/articles/
Loans,See all loans,https://www.hsbc.com.hk/loans/products/
,Credit Cards Application,https://www.hsbc.com.hk/credit-cards/apply/
,Additional Card Application,https://dco-form-ac.hsbc.com.hk/?lng=en_HK
,Loans Application,https://cloud.messaging.hsbc.com.hk/PWS_EN_S?source=pil
,Submit documents for credit/debit cards,https://www.hsbc.com.hk/credit-cards/documents-required/
,Submit documents for Credit Limit Increase,https://www.hsbc.com.hk/help/card-support/credit-limit-change/documents-upload/
,Submit documents for Loans,https://www.hsbc.com.hk/loans/documents-required/
,Submit documents for Cash Instalment Plan,https://www.hsbc.com.hk/credit-cards/products/cash-instalment-plan/documents-required/
,Instant Mortgage Assessment,https://retailbank.hsbc.com.hk/en/mortgage-calculator/affordability
,Property Valuation Tool,https://www.hsbc.com.hk/mortgages/tools/property-valuation
,Form and Document Download,https://www.hsbc.com.hk/help/forms
Wealth Products,Stocks,https://www.hsbc.com.hk/investments/products/stocks/
Wealth Products,Unit Trusts,https://www.hsbc.com.hk/investments/products/mutual-funds/
Wealth Products,Bonds/CDs,https://www.hsbc.com.hk/investments/products/bonds/
Wealth Products,Structured Products,https://www.hsbc.com.hk/investments/products/structured/
Wealth Products,Warrants & CBBCs,https://www.warrants.hsbc.com.hk/en/index/
Wealth Products,Latest IPOs,https://www.hsbc.com.hk/investments/products/ipo/
Wealth Products,Gold trading services,https://www.hsbc.com.hk/investments/products/gold-services/
Wealth Products,ESG and sustainable investing,https://www.hsbc.com.hk/investments/esg/
Wealth Products,HSBC Gold Token,https://www.hsbc.com.hk/investments/products/gold-token/
Wealth Products,See all investments,https://www.hsbc.com.hk/investments/products/
Wealth Financing,Wealth Portfolio Lending,https://www.hsbc.com.hk/wealth-financing/products/wealth-portfolio-lending/
Wealth Mobile Solutions,HSBC Top Trader Club,https://www.hsbc.com.hk/investments/products/stocks/top-trader-club/
Wealth Mobile Solutions,HSBC Trade25,https://www.hsbc.com.hk/investments/products/stocks/trade25/
Wealth Mobile Solutions,HSBC HK Easy Invest,https://www.hsbc.com.hk/investments/products/stocks/easy-invest-app/
Wealth Mobile Solutions,FlexInvest,https://www.hsbc.com.hk/investments/products/mutual-funds/flexinvest/
Currency Exchange,Currency Exchange Rates,https://www.hsbc.com.hk/investments/products/foreign-exchange/currency-rate/
Start Investing,Investment Account Opening,https://www.hsbc.com.hk/investments/account-opening/
Start Investing,Investment platform guide,https://www.hsbc.com.hk/investments/investment-platform-guide/
Wealth Management,Hybrid Wealth Management,https://www.hsbc.com.hk/wealth-management/hybrid-wealth/
Wealth Management,Future Planner,https://www.hsbc.com.hk/wealth-management/future-planner/
Wealth Management,Retirement,https://www.hsbc.com.hk/wealth-management/retirement/
Wealth Management,Wealth Portfolio Intelligence Service,https://www.hsbc.com.hk/wealth-management/wealth-portfolio-intelligence/
Wealth Management,Capital Investment Entrant Scheme,https://www.hsbc.com.hk/investments/products/cies/
Wealth Insights,Our House Views,https://www.hsbc.com.hk/wealth/insights/#Latest-views
Greater Bay Area Services,HSBC GBA Wealth Management Connect,https://www.hsbc.com.hk/banking/greater-bay-area/wealth-connect/
,View my Investments,https://myportfolio.personal-banking.hsbc.com.hk/
,Trade Stocks Online,https://investments4.personal-banking.hsbc.com.hk/stb/?currentMarket=HK&page=portfolio
,Buy Unit Trusts Online,https://investments3.personal-banking.hsbc.com.hk/utb/en-gb/portfolio?initialAccess=true
,Buy Bonds/CDs Online,https://investments3.personal-banking.hsbc.com.hk/BOND/index.html
,Exchange Currency Online,https://www.hsbc.com.hk/online/local-transfer-your-accounts/
,Our US dollar best lending rate,https://www.hsbc.com.hk/investments/market-information/us/lending-rate/
,Our HK dollar best lending rate,https://www.hsbc.com.hk/investments/market-information/hk/lending-rate/
Insurance,Life Protection,https://www.hsbc.com.hk/insurance/products/life/
Insurance,Saving & retirement insurance,https://www.hsbc.com.hk/insurance/products/savings-and-retirement/
Insurance,Investment-linked insurance,https://www.hsbc.com.hk/insurance/products/wealth-select/
Insurance,Medical & critical illness insurance,https://www.hsbc.com.hk/insurance/products/medical-and-critical-illness/
Insurance,Home & helper insurance,https://www.hsbc.com.hk/insurance/products/home/
Insurance,See all insurance plans,https://www.hsbc.com.hk/insurance/
Buy Online,VHIS Flexi plan,https://www.hsbc.com.hk/insurance/products/medical-and-critical-illness/vhis/flexi/
Buy Online,Swift Guard Critical Illness,https://www.hsbc.com.hk/insurance/products/medical-and-critical-illness/swift-guard/
Buy Online,Swift Save,https://www.hsbc.com.hk/insurance/products/savings-and-retirement/swift-save/
Buy Online,Family Protector Term Life,https://www.hsbc.com.hk/insurance/products/life/family-protector/
Buy Online,Home contents insurance,https://www.hsbc.com.hk/insurance/products/home/homesurance/
Buy Online,Travel insurance,https://www.hsbc.com.hk/insurance/products/travel/
Buy Online,See plans you can buy online,https://www.hsbc.com.hk/insurance/online-insurance/
More from HSBC Life,HSBC Healthpass,https://www.hsbc.com.hk/healthpass/
More from HSBC Life,Well+,https://www.hsbc.com.hk/well-plus/
More from HSBC Life,HealthyLife App,https://www.hsbc.com.hk/insurance/healthylife/
More from HSBC Life,ORSO,https://www.hsbc.com.hk/orso/products/wayfoong-multi-funding-system/
More from HSBC Life,LIFE Talk: insurance guide,https://retailbank.hsbc.com.hk/ins/en/lifetalk/blog/
More from HSBC Life,About HSBC Life,https://www.hsbc.com.hk/insurance/hsbc-life/
,Submit a claim,https://www.hsbc.com.hk/insurance/claims/
,Manage your policy,https://www.hsbc.com.hk/insurance/existing-customers/
,Forms and documents,https://www.hsbc.com.hk/insurance/forms/
,Investment performance,https://www.hsbc.com.hk/insurance/fund-performance/
,Important information,https://www.hsbc.com.hk/insurance/info/
,Start Investing in 5 Steps,https://www.hsbc.com.hk/investments/investment-platform-guide/
,Learn to invest in 7 days,https://cloud.messaging.hsbc.com.hk/learn-to-invest?Source=BTN_PWS_EN_DCM54689-2
,Must-read for Investment Newbies,https://www.hsbc.com.hk/wealth/insights/#Learn-to-Invest
,Learn about Bonds,https://www.hsbc.com.hk/investments/learn-about-bonds/
,Set & Reach Goals with HSBC FinFit,https://www.hsbc.com.hk/finfit/
,HSBC Investment Views,https://www.hsbc.com.hk/wealth/insights/#Latest-views
,FX Insights,https://www.hsbc.com.hk/wealth/insights/#FX
,Regional Investment Opportunities,https://www.hsbc.com.hk/wealth/insights/#Regional
,ESG Outlook,https://www.hsbc.com.hk/wealth/insights/#ESG
,Browse for Funds,https://investments3.personal-banking.hsbc.com.hk/public/utb/en-gb/discoverFunds
,Bond/CD Screener,https://investments3.personal-banking.hsbc.com.hk/public/BOND/index.html
,Stock Quotes,https://investments4.personal-banking.hsbc.com.hk/public-stb/en-gb/market/trade-track/actively-traded
HSBC Latest Offers,See more offers,https://www.hsbc.com.hk/offers/
Credit Cards Offers,Year-round Privileges,https://www.redhotoffers.hsbc.com.hk/en/home/
Credit Cards Offers,RewardCash Rebate,https://www.redhotoffers.hsbc.com.hk/en/latest-offers/red-hot-online-and-overseas-spending-rewards/
Credit Cards Offers,Rewards of Your Choice,https://www.hsbc.com.hk/credit-cards/rewards/your-choice/
Credit Cards Offers,RewardCash Certificate Scheme,https://www.hsbc.com.hk/credit-cards/rewards/certificate/
Credit Cards Offers,Instant RewardCash redemption at merchants,https://www.hsbc.com.hk/credit-cards/rewards/rewardcash-redemption/
Credit Cards Offers,Mileage Programme,https://www.hsbc.com.hk/credit-cards/rewards/mileage-programme/
Credit Cards Offers,See more,https://www.hsbc.com.hk/credit-cards/rewards/
,Spending Instalment Plan,https://www.hsbc.com.hk/credit-cards/use-your-card/spending-instalment/
,Cash Instalment Plan,https://www.hsbc.com.hk/credit-cards/use-your-card/cash-instalment-plan/
,Currency Exchange,https://www.hsbc.com.hk/campaigns/digitalfx/
,FlexInvest,https://www.hsbc.com.hk/investments/products/mutual-funds/flexinvest/offers/
,See more,https://www.hsbc.com.hk/offers/#wealth-offers
,Personal Instalment Loan,https://retailbank.hsbc.com.hk/promo/personal-instalment-loan/en/home/
,HSBC Premier Elite,https://www.hsbc.com.hk/premier-elite/welcome-offers/
,HSBC Premier,https://www.hsbc.com.hk/premier/offers/
,HSBC One,https://www.hsbc.com.hk/accounts/products/one/offers/
,Deposits,https://www.hsbc.com.hk/accounts/offers/deposits/
,HIBOR-based Mortgage,https://www.hsbc.com.hk/mortgages/products/home-loans/hibor-based/
,See more offers,https://retailbank.hsbc.com.hk/debit-card/en/home
,Form and Document Download,https://www.hsbc.com.hk/help/forms/
,Fees & Charges,https://www.hsbc.com.hk/fees/
,Website Information,https://www.hsbc.com.hk/legal/
All-in-One Accounts,HSBC One,https://www.hsbc.com.hk/accounts/products/one/
All-in-One Accounts,HSBC Premier,https://www.hsbc.com.hk/premier/
All-in-One Accounts,HSBC Premier Elite,https://www.hsbc.com.hk/premier-elite/
All-in-One Accounts,HSBC Global Private Banking,https://www.hsbc.com.hk/global-private-banking/
,See all,https://www.hsbc.com.hk/accounts/employee-banking/
,Savings Accounts,https://www.hsbc.com.hk/accounts/products/savings/
,Time Deposits,https://www.hsbc.com.hk/accounts/products/time-deposits/
,Current Accounts,https://www.hsbc.com.hk/accounts/products/current/
,Global Private Banking Mastercard® Debit Card,https://www.hsbc.com.hk/global-private-banking/mastercard-debit-card/
,Mastercard® Debit Card,https://www.hsbc.com.hk/debit-cards/products/mastercard-debit-card/
,HSBC HK App,https://www.hsbc.com.hk/ways-to-bank/mobile-apps/banking/
,HSBC Reward+,https://www.hsbc.com.hk/credit-cards/rewards/app/
,HSBC HK Easy Invest,https://www.hsbc.com.hk/investments/products/stocks/easy-invest-app/
,PayMe by HSBC,https://payme.hsbc.com.hk
,HSBC HK App - Lite Mode,https://www.hsbc.com.hk/ways-to-bank/mobile-apps/banking/lite/
,24-hour Currency Exchange,https://www.hsbc.com.hk/investments/products/foreign-exchange/
,Renminbi Services,https://www.hsbc.com.hk/investments/renminbi/
,See all Renminbi Services,https://www.hsbc.com.hk/investments/products/foreign-exchange/
,See all,https://www.hsbc.com.hk/campaigns/budget/
,See all,https://www.hsbc.com.hk/well-plus/
,See all,https://www.hsbc.com.hk/finfit/
,Payments and transfers,https://www.hsbc.com.hk/transfer-payments/
,eCheque Services,https://www.hsbc.com.hk/accounts/products/current/echeque/
,eStatement and eAdvice,https://www.hsbc.com.hk/accounts/estatement/
MPF,See all,https://www.hsbc.com.hk/mpf/
International Services,Open a Hong Kong account,https://www.hsbc.com.hk/international/banking-in-hong-kong/
International Services,Open an overseas account,https://www.hsbc.com.hk/international/account-opening/
International Services,See all,https://www.hsbc.com.hk/international/
,See all,https://www.hsbc.com.hk/banking/greater-bay-area/
Sustainability & Inclusive Banking,ESG Hub,https://www.hsbc.com.hk/sustainability/mobile/
Sustainability & Inclusive Banking,Community Banking,https://www.hsbc.com.hk/community-banking/
Help and support,Cyber Security and Fraud Hub,https://www.hsbc.com.hk/help/cybersecurity-and-fraud/
Help and support,Accessibility,https://www.hsbc.com.hk/legal/accessibility/
Help and support,View topics,https://www.hsbc.com.hk/help/
Ways to Bank,The refreshed HSBC HK App,https://www.hsbc.com.hk/ways-to-bank/mobile-apps/banking/features/
Ways to Bank,HSBC HK App - Lite Mode,https://www.hsbc.com.hk/ways-to-bank/mobile-apps/banking/lite/
Ways to Bank,Mobile Account Opening,https://www.hsbc.com.hk/ways-to-bank/mobile-apps/banking/account-opening/
Ways to Bank,HSBC Online Banking,https://www.hsbc.com.hk/ways-to-bank/internet/
Ways to Bank,Branch Banking,https://www.hsbc.com.hk/ways-to-bank/branch/
Ways to Bank,Express Banking,https://www.hsbc.com.hk/ways-to-bank/branch/express-banking/
Ways to Bank,Phone Banking,https://www.hsbc.com.hk/ways-to-bank/phone/
Ways to Bank,Important Notices,https://www.hsbc.com.hk/legal/important-notices/
Ways to Bank,Faster Payment System (FPS),https://www.hsbc.com.hk/campaigns/fps/
Ways to Bank,Mobile Cash Withdrawal,https://www.hsbc.com.hk/ways-to-bank/mobile-apps/banking/mobile-cash-withdrawal/
Ways to Bank,Mobile Cheque Deposit,https://www.hsbc.com.hk/ways-to-bank/mobile-apps/banking/mobile-cheque-deposit/
Ways to Bank,See all,https://www.hsbc.com.hk/ways-to-bank/
Credit Cards,HSBC EveryMile Credit Card,https://www.hsbc.com.hk/credit-cards/products/everymile/
Credit Cards,HSBC Red Credit Card,https://www.hsbc.com.hk/credit-cards/products/red/
Credit Cards,Visa Signature Card,https://www.hsbc.com.hk/credit-cards/products/visa-signature/
Credit Cards,Visa Platinum Card,https://www.hsbc.com.hk/credit-cards/products/visa-platinum/
Credit Cards,Premier MasterCard,https://www.hsbc.com.hk/credit-cards/products/premier-mastercard/
Credit Cards,HSBC Pulse Dual Currency Card,https://www.hsbc.com.hk/credit-cards/products/unionpay-dual-currency-diamond/
Credit Cards,Visa Gold Card for Students,https://www.hsbc.com.hk/credit-cards/products/student-visa-gold/
Credit Cards,Visa Gold Card,https://www.hsbc.com.hk/credit-cards/products/visa-gold/
Credit Cards,UnionPay Dual Currency Card,https://www.hsbc.com.hk/credit-cards/products/unionpay-dual-currency-classic/
Credit Cards,Apply for a new credit card,https://www.hsbc.com.hk/credit-cards/apply/
Credit Cards,Compare Credit Cards,https://www.hsbc.com.hk/credit-cards/compare/
Overdrafts,See all,https://www.hsbc.com.hk/overdrafts/
Use Your Credit Card,Cards Promotions,https://www.redhotoffers.hsbc.com.hk/en/home/
Use Your Credit Card,HSBC Reward+,https://www.hsbc.com.hk/credit-cards/rewards/app/
Use Your Credit Card,Mobile Payments,https://www.hsbc.com.hk/credit-cards/products/payment-services/
Use Your Credit Card,HSBC Virtual Credit Card,https://www.hsbc.com.hk/credit-cards/features/virtual-credit-card/
Use Your Credit Card,Octopus Auto Top-up,https://www.hsbc.com.hk/credit-cards/products/payment-services/octopus-add-value/
Use Your Credit Card,Cash Advance,https://www.hsbc.com.hk/credit-cards/features/cash-advance/
Use Your Credit Card,Spending Instalment Plan,https://www.hsbc.com.hk/credit-cards/use-your-card/spending-instalment/
Use Your Credit Card,All-You-Can-Split,https://www.hsbc.com.hk/credit-cards/use-your-card/spending-instalment/all-you-can-split/
Use Your Credit Card,Cash Instalment Plan,https://www.hsbc.com.hk/credit-cards/use-your-card/cash-instalment-plan/
Use Your Credit Card,Interest-free Merchant Instalment Plan,https://www.hsbc.com.hk/credit-cards/use-your-card/merchant-instalment/
Use Your Credit Card,See all,https://www.hsbc.com.hk/credit-cards/use-your-credit-card/
Mortgages,Home Mortgage Loans,https://www.hsbc.com.hk/mortgages/products/#home-loans
Mortgages,Home-related Loans,https://www.hsbc.com.hk/mortgages/products/#home-related-loans
Mortgages,Mortgage Repayment Options,https://www.hsbc.com.hk/mortgages/products/repayment-plan-options/
Mortgages,See all mortgages,https://www.hsbc.com.hk/mortgages/products/
Loans,Personal Instalment Loan,https://www.hsbc.com.hk/loans/products/personal-instalment/
Loans,Personal Instalment Loan Redraw,https://www.hsbc.com.hk/loans/products/personal-instalment-redraw/
Loans,Revolving Credit Facility,https://www.hsbc.com.hk/loans/products/revolving-credit-facility/
Loans,Balance Consolidation Program,https://www.hsbc.com.hk/loans/products/balance-consolidation/
Loans,Personal Tax Loan,https://www.hsbc.com.hk/loans/products/personal-tax/
Loans,Electric Vehicle Personal Instalment Loan,https://www.hsbc.com.hk/loans/products/electric-vehicle-personal-instalment/
Loans,Smart Tips on Loans,https://www.hsbc.com.hk/loans/articles/
Loans,See all loans,https://www.hsbc.com.hk/loans/products/
,Credit Cards Application,https://www.hsbc.com.hk/credit-cards/apply/
,Additional Card Application,https://dco-form-ac.hsbc.com.hk/?lng=en_HK
,Loans Application,https://cloud.messaging.hsbc.com.hk/PWS_EN_S?source=pil
,Submit documents for credit/debit cards,https://www.hsbc.com.hk/credit-cards/documents-required/
,Submit documents for Credit Limit Increase,https://www.hsbc.com.hk/help/card-support/credit-limit-change/documents-upload/
,Submit documents for Loans,https://www.hsbc.com.hk/loans/documents-required/
,Submit documents for Cash Instalment Plan,https://www.hsbc.com.hk/credit-cards/products/cash-instalment-plan/documents-required/
,Instant Mortgage Assessment,https://retailbank.hsbc.com.hk/en/mortgage-calculator/affordability
,Property Valuation Tool,https://www.hsbc.com.hk/mortgages/tools/property-valuation
,Form and Document Download,https://www.hsbc.com.hk/help/forms
Wealth Products,Stocks,https://www.hsbc.com.hk/investments/products/stocks/
Wealth Products,Unit Trusts,https://www.hsbc.com.hk/investments/products/mutual-funds/
Wealth Products,Bonds/CDs,https://www.hsbc.com.hk/investments/products/bonds/
Wealth Products,Structured Products,https://www.hsbc.com.hk/investments/products/structured/
Wealth Products,Warrants & CBBCs,https://www.warrants.hsbc.com.hk/en/index/
Wealth Products,Latest IPOs,https://www.hsbc.com.hk/investments/products/ipo/
Wealth Products,Gold trading services,https://www.hsbc.com.hk/investments/products/gold-services/
Wealth Products,ESG and sustainable investing,https://www.hsbc.com.hk/investments/esg/
Wealth Products,HSBC Gold Token,https://www.hsbc.com.hk/investments/products/gold-token/
Wealth Products,See all investments,https://www.hsbc.com.hk/investments/products/
Wealth Financing,Wealth Portfolio Lending,https://www.hsbc.com.hk/wealth-financing/products/wealth-portfolio-lending/
Wealth Mobile Solutions,HSBC Top Trader Club,https://www.hsbc.com.hk/investments/products/stocks/top-trader-club/
Wealth Mobile Solutions,HSBC Trade25,https://www.hsbc.com.hk/investments/products/stocks/trade25/
Wealth Mobile Solutions,HSBC HK Easy Invest,https://www.hsbc.com.hk/investments/products/stocks/easy-invest-app/
Wealth Mobile Solutions,FlexInvest,https://www.hsbc.com.hk/investments/products/mutual-funds/flexinvest/
Currency Exchange,Currency Exchange Rates,https://www.hsbc.com.hk/investments/products/foreign-exchange/currency-rate/
Start Investing,Investment Account Opening,https://www.hsbc.com.hk/investments/account-opening/
Start Investing,Investment platform guide,https://www.hsbc.com.hk/investments/investment-platform-guide/
Wealth Management,Hybrid Wealth Management,https://www.hsbc.com.hk/wealth-management/hybrid-wealth/
Wealth Management,Future Planner,https://www.hsbc.com.hk/wealth-management/future-planner/
Wealth Management,Retirement,https://www.hsbc.com.hk/wealth-management/retirement/
Wealth Management,Wealth Portfolio Intelligence Service,https://www.hsbc.com.hk/wealth-management/wealth-portfolio-intelligence/
Wealth Management,Capital Investment Entrant Scheme,https://www.hsbc.com.hk/investments/products/cies/
Wealth Insights,Our House Views,https://www.hsbc.com.hk/wealth/insights/#Latest-views
Greater Bay Area Services,HSBC GBA Wealth Management Connect,https://www.hsbc.com.hk/banking/greater-bay-area/wealth-connect/
,View my Investments,https://myportfolio.personal-banking.hsbc.com.hk/
,Trade Stocks Online,https://investments4.personal-banking.hsbc.com.hk/stb/?currentMarket=HK&page=portfolio
,Buy Unit Trusts Online,https://investments3.personal-banking.hsbc.com.hk/utb/en-gb/portfolio?initialAccess=true
,Buy Bonds/CDs Online,https://investments3.personal-banking.hsbc.com.hk/BOND/index.html
,Exchange Currency Online,https://www.hsbc.com.hk/online/local-transfer-your-accounts/
,Our US dollar best lending rate,https://www.hsbc.com.hk/investments/market-information/us/lending-rate/
,Our HK dollar best lending rate,https://www.hsbc.com.hk/investments/market-information/hk/lending-rate/
Insurance,Life Protection,https://www.hsbc.com.hk/insurance/products/life/
Insurance,Saving & retirement insurance,https://www.hsbc.com.hk/insurance/products/savings-and-retirement/
Insurance,Investment-linked insurance,https://www.hsbc.com.hk/insurance/products/wealth-select/
Insurance,Medical & critical illness insurance,https://www.hsbc.com.hk/insurance/products/medical-and-critical-illness/
Insurance,Home & helper insurance,https://www.hsbc.com.hk/insurance/products/home/
Insurance,See all insurance plans,https://www.hsbc.com.hk/insurance/
Buy Online,VHIS Flexi plan,https://www.hsbc.com.hk/insurance/products/medical-and-critical-illness/vhis/flexi/
Buy Online,Swift Guard Critical Illness,https://www.hsbc.com.hk/insurance/products/medical-and-critical-illness/swift-guard/
Buy Online,Swift Save,https://www.hsbc.com.hk/insurance/products/savings-and-retirement/swift-save/
Buy Online,Family Protector Term Life,https://www.hsbc.com.hk/insurance/products/life/family-protector/
Buy Online,Home contents insurance,https://www.hsbc.com.hk/insurance/products/home/homesurance/
Buy Online,Travel insurance,https://www.hsbc.com.hk/insurance/products/travel/
Buy Online,See plans you can buy online,https://www.hsbc.com.hk/insurance/online-insurance/
More from HSBC Life,HSBC Healthpass,https://www.hsbc.com.hk/healthpass/
More from HSBC Life,Well+,https://www.hsbc.com.hk/well-plus/
More from HSBC Life,HealthyLife App,https://www.hsbc.com.hk/insurance/healthylife/
More from HSBC Life,ORSO,https://www.hsbc.com.hk/orso/products/wayfoong-multi-funding-system/
More from HSBC Life,LIFE Talk: insurance guide,https://retailbank.hsbc.com.hk/ins/en/lifetalk/blog/
More from HSBC Life,About HSBC Life,https://www.hsbc.com.hk/insurance/hsbc-life/
,Submit a claim,https://www.hsbc.com.hk/insurance/claims/
,Manage your policy,https://www.hsbc.com.hk/insurance/existing-customers/
,Forms and documents,https://www.hsbc.com.hk/insurance/forms/
,Investment performance,https://www.hsbc.com.hk/insurance/fund-performance/
,Important information,https://www.hsbc.com.hk/insurance/info/
,Start Investing in 5 Steps,https://www.hsbc.com.hk/investments/investment-platform-guide/
,Learn to invest in 7 days,https://cloud.messaging.hsbc.com.hk/learn-to-invest?Source=BTN_PWS_EN_DCM54689-2
,Must-read for Investment Newbies,https://www.hsbc.com.hk/wealth/insights/#Learn-to-Invest
,Learn about Bonds,https://www.hsbc.com.hk/investments/learn-about-bonds/
,Set & Reach Goals with HSBC FinFit,https://www.hsbc.com.hk/finfit/
,HSBC Investment Views,https://www.hsbc.com.hk/wealth/insights/#Latest-views
,FX Insights,https://www.hsbc.com.hk/wealth/insights/#FX
,Regional Investment Opportunities,https://www.hsbc.com.hk/wealth/insights/#Regional
,ESG Outlook,https://www.hsbc.com.hk/wealth/insights/#ESG
,Browse for Funds,https://investments3.personal-banking.hsbc.com.hk/public/utb/en-gb/discoverFunds
,Bond/CD Screener,https://investments3.personal-banking.hsbc.com.hk/public/BOND/index.html
,Stock Quotes,https://investments4.personal-banking.hsbc.com.hk/public-stb/en-gb/market/trade-track/actively-traded
HSBC Latest Offers,See more offers,https://www.hsbc.com.hk/offers/
Credit Cards Offers,Year-round Privileges,https://www.redhotoffers.hsbc.com.hk/en/home/
Credit Cards Offers,RewardCash Rebate,https://www.redhotoffers.hsbc.com.hk/en/latest-offers/red-hot-online-and-overseas-spending-rewards/
Credit Cards Offers,Rewards of Your Choice,https://www.hsbc.com.hk/credit-cards/rewards/your-choice/
Credit Cards Offers,RewardCash Certificate Scheme,https://www.hsbc.com.hk/credit-cards/rewards/certificate/
Credit Cards Offers,Instant RewardCash redemption at merchants,https://www.hsbc.com.hk/credit-cards/rewards/rewardcash-redemption/
Credit Cards Offers,Mileage Programme,https://www.hsbc.com.hk/credit-cards/rewards/mileage-programme/
Credit Cards Offers,See more,https://www.hsbc.com.hk/credit-cards/rewards/
,Spending Instalment Plan,https://www.hsbc.com.hk/credit-cards/use-your-card/spending-instalment/
,Cash Instalment Plan,https://www.hsbc.com.hk/credit-cards/use-your-card/cash-instalment-plan/
,Currency Exchange,https://www.hsbc.com.hk/campaigns/digitalfx/
,FlexInvest,https://www.hsbc.com.hk/investments/products/mutual-funds/flexinvest/offers/
,See more,https://www.hsbc.com.hk/offers/#wealth-offers
,Personal Instalment Loan,https://retailbank.hsbc.com.hk/promo/personal-instalment-loan/en/home/
,HSBC Premier Elite,https://www.hsbc.com.hk/premier-elite/welcome-offers/
,HSBC Premier,https://www.hsbc.com.hk/premier/offers/
,HSBC One,https://www.hsbc.com.hk/accounts/products/one/offers/
,Deposits,https://www.hsbc.com.hk/accounts/offers/deposits/
,HIBOR-based Mortgage,https://www.hsbc.com.hk/mortgages/products/home-loans/hibor-based/
,See more offers,https://retailbank.hsbc.com.hk/debit-card/en/home
,Form and Document Download,https://www.hsbc.com.hk/help/forms/
,Fees & Charges,https://www.hsbc.com.hk/fees/
,Website Information,https://www.hsbc.com.hk/legal/
